Tag,TagCatalog
24HourMarket,24HR
24Hours,24HR
24HrConvenience,24HR
AcaiBowl,Bites
AcousticVibes,EnergyVibe
Affordable,Affordable
AffordableEats,Affordable
AffordableTickets,Affordable
AlPastor,AlPastor
Alcapurrias,Alcapurrias
AllAgesShows,Kids
AlmostFiveStars,AlmostFiveStars
ArtEvents,ArtisticEnergy
ArtSpace,ArtisticEnergy
ArtfulPastries,ArtfulPastries
ArtisticEnergy,ArtisticEnergy
ArtisticExpression,ArtisticEnergy
ArtistsCorner,ArtisticEnergy
Artsy,Artsy
ArtsyDecor,Artsy
Authentic,LocalFavorite
AuthenticFlavors,LocalFavorite
AuthenticMexican,Mexican
Backyard,Backyard
BackyardPatio,Backyard
BackyardVibes,Backyard
BaconEggCheese,DeliTaste
BadMovieNights,LateNight
Bagel,Bagel
Bagels,Bagel
Bakery,BakeryFav
BananaBread,BakeryFav
BanhMi,Vietnamese
BarScene,Bar
BarSeating,Bar
Barista,CoffeeLovers
Baristas,CoffeeLovers
BasementDancefloor,BasementDancefloor
BeerShotCombo,SpecialtyDrinks
BigPortions,Affordable
BirriaBurrito,Bites
Biscuits,BakeryFav
BlueberryMuffins,BakeryFav
BoardGames,BoardGames
Bodega,Bodega
BodegaCat,Bodega
BoldFlavors,BoldFlavors
BoundaryPushing,BoundaryPushing
Breakfast,Morning
BreakfastSandwiches,Morning
BrightSpace,SunlitSpace
Brooklyn,LocalFavorite
BrooklynCommute,CommunityHub
BrooklynEnergy,CommunityHub
BrooklynGroove,CommunityHub
BrooklynNights,LateNight
BrooklynOrQueens,LocalFavorite
BrooklynRaves,MusicLovers
Brunch,Morning
Burgers,Burgers
Burlesque,Burlesque
Bushwick,LocalFavorite
BushwickBars,LocalFavorite
BushwickEats,LocalFavorite
BusyButWorthIt,LocalFavorite
Cafe,Cafe
CafeCommunity,CoffeeLovers
CafeVibes,CoffeeLovers
CashOnly,CashOnly
Casual,Casual
CasualVibes,Casual
CelebrationSpot,CelebrationSpot
Cemetery,Historic
Chaos,Chaos
CheapDrinks,CheapDrinks
Chicken,FriedChicken
Chill,Casual
ChillSpots,Casual
Chimichanga,Chimichanga
Chinese,ChineseFood
ChineseFood,ChineseFood
ChoppedCheese,Bites
Classic,Classic
Clean,Clean
CleanForNYC,CleanForNYC
Cocktail,Cocktail
CocktailBar,Cocktail
Cocktails,Cocktail
Coffee,CoffeeLovers
CoffeeBeforeAShow,CoffeeLovers
CoffeeCulture,CoffeeLovers
CoffeeLovers,CoffeeLovers
CoffeeStruggles,CoffeeLovers
ColdBeer,CoffeeLovers
ColdBrew,CoffeeLovers
ColdDrafts,CoffeeLovers
ComfortFood,ComfortFood
CommunityConcern,CommunityHub
CommunityHub,CommunityHub
CommunitySpace,CommunityHub
CommunitySpot,CommunityHub
CommunityVibes,CommunityHub
Cozy,CozyVibe
CozyAmbiance,CozyVibe
CozyCorner,CozyVibe
CozyFireplace,CozyVibe
CozySpot,CozyVibe
CozyVibe,CozyVibe
CozyVibes,CozyVibe
CraftCocktails,Cocktail
CreativeCommunity,CommunityHub
CreativeDrinks,SpecialtyDrinks
CreativeSpace,CommunityHub
CrispyTexture,Bites
CrispyTostadas,Bites
CrispyWings,Bites
Croissant,BakeryFav
CulturalBazaar,Market
Curry,Curry
CustomCakes,BakeryFav
Cute,Cute
DIYScene,DIYVenue
DIYVenue,DIYVenue
DJCulture,DJCulture
DJs,DJCulture
DanceFloor,DJCulture
DanceParty,DJCulture
DancingInTheDark,DJCulture
DarkAndChill,LateNight
Darts,Darts
Deli,DeliTaste
DeliSandwiches,DeliTaste
Delicious,TastyFood
Delivery,Delivery
Diner,Diner
Dinner,Diner
DiveBar,DiveBar
DogFriendly,PetFriendly
Dominican,Dominican
DominicanFlavors,Dominican
DominicanFood,Dominican
DragShows,DragShows
Drama,PerformanceVenue
DrinkDeals,CheapDrinks
Drinks,SpecialtyDrinks
DrunkenNoodles,DrunkenNoodles
DryCappuccino,SpecialtyDrinks
EarlyBird,Morning
EclecticVibes,UndergroundVibes
Ecuadorian,Ecuadorian
EerieVibes,UnsafeAtNight
Empanada,Empanada
Espresso,CoffeeLovers
EspressoMartini,SpecialtyDrinks
EventSpace,PerformanceVenue
Events,PerformanceVenue
ExperimentalTheater,UndergroundVibes
Family,FamilyStyle
FamilyOwned,FamilyStyle
FamilyStyle,FamilyStyle
FamilyVibes,FamilyStyle
Fast,GrabAndGo
FastService,GrabAndGo
Filipino,Filipino
FirePit,FirePit
FlavorPacked,FlavorPacked
Flavorful,FlavorPacked
FoodSafetyConcerns,UnpredictableService
FootballSundays,SportsBar
ForgottenHistory,Historic
FreeHotDogs,Bites
FreePizza,Pizza
Fresh,FreshProduce
FreshFish,FreshProduce
FreshProduce,FreshProduce
FriedChicken,FriedChicken
FriedMacNCheese,FreshProduce
FriedPickles,Bites
Friendly,Friendly
FriendlyService,Friendly
FriendlyStaff,Friendly
FriendlyVibes,Friendly
FullBar,FullBar
GameDay,Game
GameNight,Game
GarlicParmWings,Bites
Generous,WarmService
GoodEnergy,EnergyVibe
GoodForWork,WorkFriendly
GoodLuckOrdering,UnpredictableService
GoodPortions,Affordable
GothBar,GothBar
GourmetFinds,Gourmet
GourmetSandwiches,Gourmet
GourmetSelection,Gourmet
GrabAndGo,GrabAndGo
GrandmaSliceMagic,RetroVibes
GreatAtmosphere,EnergyVibe
GreatBeerSelection,GreatBeerSelection
GreatDrinks,SpecialtyDrinks
GreatLighting,GreatLighting
GreatService,WarmService
GreatSound,MusicLovers
GreatVibes,EnergyVibe
GrilledCheese,Bites
Halal,Halal
HandmadeTortillas,SpecialtyDrinks
HappyHour,HappyHour
HappyHourMagic,HappyHour
HealingEnergy,Healing
HeatedBackyard,OutdoorSeating
HiddenGem,LocalFavorite
HiddenGems,LocalFavorite
HipHopPlaylist,HipHop
HipsterNostalgia,Hipster
Historic,Historic
HistoricNYC,Historic
HitOrMiss,HitOrMiss
HomeFries,Bites
HomemadeFlavors,FamilyStyle
HomemadeSoup,FamilyStyle
Homestyle,FamilyStyle
HotMess,HotMess
HousemadeCroissants,BakeryFav
HousemadeSauces,FamilyStyle
Inconsistent,ServiceConcern
InconsistentService,ServiceConcern
IndieVibes,UndergroundVibes
InternationalProducts,Market
IntimateVenue,CommunityHub
ItalianBrew,CoffeeLovers
JazzCommunity,Jazz
JazzNights,Jazz
JerkChicken,Bites
JuiceBar,JuiceBar
Jukebox,Jukebox
Karaoke,Karaoke
KaraokeNights,Karaoke
KaraokeVibes,Karaoke
LTrain,Metro
LTrainLife,Metro
LaidBack,Healing
LateNight,LateNight
LateNightEats,LateNight
LateNightEnergy,LateNight
LateNightFeels,LateNight
LateNightGroceries,LateNight
LateNightShopping,LateNight
LateNightStaple,LateNight
LatinFood,LatinFood
Lattes,CoffeeLovers
Lavender,SpecialtyDrinks
LavenderLatte,SpecialtyDrinks
LiveComedy,Comedy
LiveDJs,DJCulture
LiveJazz,Jazz
LiveMusic,PerformanceVenue
Lively,EnergyVibe
LivelyButChill,Healing
LivelyVibes,EnergyVibe
LoadedNachos,Bites
LocalFavorite,LocalFavorite
LocalGrocery,LocalFavorite
LocalMarkets,LocalFavorite
LocalRoast,LocalFavorite
LocalSpot,LocalFavorite
LocalTalent,LocalFavorite
LocalsLoveIt,LocalFavorite
LockedGates,LocalFavorite
LoftSpace,LocalFavorite
LoudAndDark,UndergroundVibes
LoudMusic,MusicLovers
MTAReality,Metro
MagicalMoments,MagicalMoments
Market,Market
Matcha,CoffeeLovers
MiddleEasternSpices,MiddleEastern
Minimalist,Minimalist
MixedAcoustics,MusicLovers
MixedCrowd,EnergyVibe
MixedExperiences,EnergyVibe
Mofongo,PuertoRican
Mojitos,SpecialtyDrinks
MorningRitual,Morning
MorningRituals,Morning
MorningStop,Morning
MorningVibes,Morning
Munchies,Munchies
Murals,ArtisticEnergy
MusicLovers,MusicLovers
MusicThatMoves,MusicLovers
NYCClassic,LocalFavorite
NYCNightlife,LateNight
NYCTheater,PerformanceVenue
NYCUnderground,UndergroundVibes
NYCVibes,EnergyVibe
NeedsBetterVentilation,Chaos
NeedsImprovement,UnpredictableService
Neighborhood,LocalFavorite
NeighborhoodBar,LocalFavorite
NeighborhoodCafe,LocalFavorite
NeighborhoodClassic,LocalFavorite
NeighborhoodEssential,LocalFavorite
NeighborhoodFavorite,LocalFavorite
NeighborhoodGem,LocalFavorite
NeighborhoodPizza,LocalFavorite
NeighborhoodSpot,CommunityHub
NeighborhoodStaple,CommunityHub
NeighborhoodVibes,CommunityHub
NicheItems,NicheItems
NoFreeWater,NoFreeWater
NoFrills,NoFrills
NoPhones,NoPhones
NoSkimping,NoSkimping
OhMamaILoveYou,LocalFavorite
OldDecor,RetroVibes
OldSchoolVibes,RetroVibes
OpenMic,Karaoke
OrganicMarket,OrganicOptions
OrganicOptions,OrganicOptions
Outdoor,OutdoorSeating
OutdoorSeating,OutdoorSeating
OutdoorSpace,OutdoorSeating
OverpricedOrganic,OrganicOptions
OxtailNachos,Bites
PBJShots,SpecialtyDrinks
Pancakes,BakeryFav
ParkCleanup,Chaos
ParkView,ParkView
Pastries,BakeryFav
PatioVibes,OutdoorSeating
PattyMelt,PattyMelt
PerfectSlice,Pizza
PerformanceVenue,PerformanceVenue
Pernil,Pernil
PetFriendly,PetFriendly
PhillyCheesesteak,Steakhouse
Pho,Vietnamese
PianoBar,MusicLovers
PickUpAfterPets,PetFriendly
PicnicPerfect,PicnicPerfect
Pinball,Pinball
PitaBread,BakeryFav
Pizza,Pizza
PizzaWithSoul,Pizza
Plants,Plants
Playground,Kids
PlaygroundFun,Kids
PoolTable,PoolTable
Pricey,Pricey
PuertoRicanFood,PuertoRican
Quality,Quality
QueerArt,ArtisticEnergy
QueerFriendly,Queer
Quiche,BakeryFav
QuickService,GrabAndGo
QuietEscape,Healing
R&BVibes,R&B
Regulars,Regulars
RetroVibes,RetroVibes
RiceAndBeans,FreshProduce
Ridgewood,LocalFavorite
RidgewoodCafe,LocalFavorite
Rooftop,Rooftop
RotisserieChicken,Bites
RowdyVibes,RowdyVibes
Sangria,SpecialtyDrinks
ScallionPancake,BakeryFav
SeasonalDrinks,SpecialtyDrinks
SesameChicken,SesameChicken
SicilianTradition,SicilianTradition
SignatureDrinks,SpecialtyDrinks
SlowMornings,Morning
SmallBatch,SmallBatch
SmallButMighty,SmallButMighty
SmoothieFix,SpecialtyDrinks
Soccer,Soccer
SopaDePollo,SopaDePollo
SpecialtyDrinks,SpecialtyDrinks
SpecialtyLattes,SpecialtyDrinks
SpiceBag,SpiceBag
Spicy,Spicy
SpicyChicken,Spicy
SpicyHibiscusMargarita,SpecialtyDrinks
SpoiledSurprises,SpoiledSurprises
SportsBar,SportsBar
SportsFields,Kids
Steakhouse,Steakhouse
Stocked,Stocked
StreetVibes,CommunityHub
StylishInterior,StylishInterior
SubwayAesthetics,ArtisticEnergy
SubwayViews,SubwayViews
SunlitSpace,SunlitSpace
Supermarket,Market
SupportArtists,ArtisticEnergy
SweetPotatoFries,SweetPotatoFries
TVScreens,TVScreens
Tacos,Tacos
Takeout,Takeout
TakeoutOnly,Takeout
TakeoutSpot,Takeout
Tamales,Tamales
TastyFood,TastyFood
Taxidermy,Taxidermy
Thai,Thai
Thoughtful,Thoughtful
TooLoudMusic,Chaos
TopDeli,DeliTaste
TransitProblems,UnpredictableService
Trendy,Trendy
TriviaNight,CommunityHub
TrufflePizza,Pizza
UbeLatte,SpecialtyDrinks
UnderTheLTrain,Train
UndergroundVibes,UndergroundVibes
UnpredictableNights,UnsafeAtNight
UnpredictableService,UnpredictableService
UnsafeAtNight,UnsafeAtNight
UrbanDesign,UrbanDesign
UrbanGreenery,UrbanGreenery
VanillaLatte,SpecialtyDrinks
Vegan,VegetarianFriendly
VeganDonuts,VegetarianFriendly
VeganOptions,VegetarianFriendly
Vegetarian,VegetarianFriendly
VegetarianFriendly,VegetarianFriendly
Vibes,Vibrant
Vibrant,Vibrant
VietnameseCoffee,Vietnamese
VietnameseFood,Vietnamese
VintageMosaics,RetroVibes
Vinyl,Vinyl
VinylNights,Vinyl
Waffles,BakeryFav
WalkUpWindow,WalkUpWindow
WarehouseVibe,UndergroundVibes
WarmService,WarmService
WarmWelcome,WarmService
Whiskey,Cocktail
WhiteMochaBackyardSeating,BackyardSeating
WiFi,WorkFriendly
WineBar,WineBar
Wings,Bites
WitchyAesthetic,ArtisticEnergy
WoodFired,Healing
Work,WorkFriendly
WorkFriendly,WorkFriendly
Workspace,WorkFriendly
New,New